np_tag_id,record_id,table_id,title,description
0,35,0,"main",""
1,36,0,"App Loop",""
2,37,0,"Data - Model",""
3,66,0,"Map",""
4,67,0,"Node Scene Graph",""
5,68,0,"Tracks",""
6,69,0,"Translator",""
7,70,0,"np_types",""
8,38,0,"IO - View",""
9,40,0,"OpenGL",""
10,41,0,"Keyboard",""
11,42,0,"Mouse",""
12,43,0,"Console",""
13,45,0,"Database",""
14,48,0,"MySQL",""
15,51,0,"HADOOP",""
16,52,0,"PostgreSQL",""
17,53,0,"PostGIS",""
18,46,0,"File",""
19,55,0,"CSV",""
20,60,0,"node",""
21,61,0,"tag",""
22,62,0,"channel",""
23,63,0,"tracks",""
24,64,0,"globals",""
25,65,0,"map_osc",""
26,56,0,"Textures",""
27,67,0,"Node Scene Graph",""
28,68,0,"Tracks",""
29,69,0,"Translator",""
30,57,0,"Plugins",""
31,50,0,"OSC - UDP",""
32,39,0,"Control",""
33,58,0,"NPE - Engine",""
34,65,0,"map_osc",""
